<?xml version="1.0" encoding="UTF-8" standalone="yes" ?>
<cp:coreProperties xmlns:cp="http://schemas.openxmlformats.org/package/2006/metadata/core-properties" xmlns:dc="http://purl.org/dc/elements/1.1/" xmlns:dcmitype="http://purl.org/dc/dcmitype/" xmlns:dcterms="http://purl.org/dc/terms/" xmlns:xsi="http://www.w3.org/2001/XMLSchema-instance">
  <cp:category>model</cp:category>
  <dcterms:created xsi:type="dcterms:W3CDTF">2021-10-15T17:04:31Z</dcterms:created>
  <dc:creator>mulusoy</dc:creator>
  <cp:lastModifiedBy>gioel</cp:lastModifiedBy>
  <dcterms:modified xsi:type="dcterms:W3CDTF">2022-03-31T09:52:38Z</dcterms:modified>
  <cp:revision>1.28</cp:revision>
  <cp:version>R2022a</cp:version>
</cp:coreProperties>
