<?xml version="1.0" encoding="utf-8"?>
<ModelInformation Version="1.0">
  <Model>
    <P Name="ModelUUID">a1545911-79e9-4629-9ef1-c26a8c96c9a9</P>
    <P Name="SLXCompressionType">Normal</P>
    <P Name="InitFcn">Ts = 0.01;</P>
    <P Name="LastSavedArchitecture">glnxa64</P>
    <UserParameters>
      <P Name="PhysicalModelingChecksum">461930650</P>
      <P Name="PhysicalModelingParameterChecksum">2654544937</P>
      <P Name="PhysicalModelingProducts">SimMechanics|Simscape</P>
    </UserParameters>
    <ConfigManagerSettings>
      <P Name="ModifiedByFormat">%&lt;Auto&gt;</P>
      <P Name="ModifiedDateFormat">%&lt;Auto&gt;</P>
      <P Name="RTWModifiedTimeStamp">570628350</P>
      <P Name="ModelVersionFormat">%&lt;AutoIncrement:1.28&gt;</P>
    </ConfigManagerSettings>
    <EditorSettings>
      <P Name="SampleTimeColors">on</P>
      <P Name="SampleTimeAnnotations">on</P>
    </EditorSettings>
    <SimulationSettings>
      <P Name="SimulationMode">normal</P>
      <Object PropName="DataLoggingOverride" ObjectID="1" ClassName="Simulink.SimulationData.ModelLoggingInfo">
        <P Name="model_" Class="char">$bdroot</P>
        <P Name="overrideMode_" Class="uint32">0U</P>
        <Array PropName="logAsSpecifiedByModels_" Type="Cell" Dimension="1*1">
          <Cell Class="char">$bdroot</Cell>
        </Array>
        <Array PropName="logAsSpecifiedByModelsSSIDs_" Type="Cell" Dimension="1*1">
          <Cell Class="double">[]</Cell>
        </Array>
      </Object>
    </SimulationSettings>
    <EngineSettings>
      <P Name="ConfigurableSubsystemUsage">warning</P>
    </EngineSettings>
    <ConcurrentExecutionSettings>
      <Object PropName="DataTransfer" ObjectID="2" ClassName="Simulink.GlobalDataTransfer">
        <P Name="DefaultTransitionBetweenSyncTasks" Class="char">Ensure deterministic transfer (maximum delay)</P>
        <P Name="DefaultTransitionBetweenAsyncTasks" Class="char">Ensure data integrity only</P>
        <P Name="DefaultTransitionBetweenContTasks" Class="char">Ensure deterministic transfer (minimum delay)</P>
        <P Name="DefaultExtrapolationMethodBetweenContTasks" Class="char">None</P>
      </Object>
    </ConcurrentExecutionSettings>
    <System Ref="system_root"/>
  </Model>
</ModelInformation>
