<?xml version="1.0" encoding="utf-8"?>
<GraphicalInterface>
  <P Name="NumRootInports">0</P>
  <P Name="NumRootOutports">0</P>
  <P Name="ParameterArgumentNames"/>
  <P Name="NumModelReferences">0</P>
  <P Name="NumTestPointedSignals">0</P>
  <P Name="NumProvidedFunctions">0</P>
  <P Name="NumRequiredFunctions">0</P>
  <P Name="NumResetEvents">0</P>
  <P Name="HasInitializeEvent">0</P>
  <P Name="HasTerminateEvent">0</P>
  <P Name="PreCompExecutionDomainType">Unset</P>
  <P Name="UseModelRefSolver">0</P>
  <P Name="SolverName">FixedStepAuto</P>
  <P Name="IsExportFunctionModel">0</P>
  <P Name="SimulinkSubDomainType">Simulink</P>
  <P Name="NumParameterArguments">0</P>
  <P Name="NumExternalFileReferences">13</P>
  <ExternalFileReference>
    <P Name="Reference">simulink/Sources/Band-Limited
White Noise</P>
    <P Name="Path">$bdroot/Measurement noise</P>
    <P Name="SID">109</P>
    <P Name="Type">LIBRARY_BLOCK</P>
  </ExternalFileReference>
  <ExternalFileReference>
    <P Name="Reference">sm_lib/Body Elements/Spherical Solid</P>
    <P Name="Path">$bdroot/Pendulum/Link/Bob</P>
    <P Name="SID">11</P>
    <P Name="Type">LIBRARY_BLOCK</P>
  </ExternalFileReference>
  <ExternalFileReference>
    <P Name="Reference">sm_lib/Body Elements/Brick Solid</P>
    <P Name="Path">$bdroot/Pendulum/Link/String</P>
    <P Name="SID">12</P>
    <P Name="Type">LIBRARY_BLOCK</P>
  </ExternalFileReference>
  <ExternalFileReference>
    <P Name="Reference">sm_lib/Frames and
Transforms/Rigid
Transform</P>
    <P Name="Path">$bdroot/Pendulum/Link/Transform Bob </P>
    <P Name="SID">13</P>
    <P Name="Type">LIBRARY_BLOCK</P>
  </ExternalFileReference>
  <ExternalFileReference>
    <P Name="Reference">sm_lib/Frames and
Transforms/Rigid
Transform</P>
    <P Name="Path">$bdroot/Pendulum/Link/Transform String Midpoint</P>
    <P Name="SID">14</P>
    <P Name="Type">LIBRARY_BLOCK</P>
  </ExternalFileReference>
  <ExternalFileReference>
    <P Name="Reference">nesl_utility/PS-Simulink
Converter</P>
    <P Name="Path">$bdroot/Pendulum/PS-Simulink Converter</P>
    <P Name="SID">17</P>
    <P Name="Type">LIBRARY_BLOCK</P>
  </ExternalFileReference>
  <ExternalFileReference>
    <P Name="Reference">sm_lib/Body Elements/Brick Solid</P>
    <P Name="Path">$bdroot/Pendulum/Pivot/Base</P>
    <P Name="SID">19</P>
    <P Name="Type">LIBRARY_BLOCK</P>
  </ExternalFileReference>
  <ExternalFileReference>
    <P Name="Reference">sm_lib/Utilities/Mechanism
Configuration</P>
    <P Name="Path">$bdroot/Pendulum/Pivot/Mechanism  Configuration</P>
    <P Name="SID">20</P>
    <P Name="Type">LIBRARY_BLOCK</P>
  </ExternalFileReference>
  <ExternalFileReference>
    <P Name="Reference">nesl_utility/Solver
Configuration</P>
    <P Name="Path">$bdroot/Pendulum/Pivot/Solver Configuration</P>
    <P Name="SID">21</P>
    <P Name="Type">LIBRARY_BLOCK</P>
  </ExternalFileReference>
  <ExternalFileReference>
    <P Name="Reference">sm_lib/Joints/Revolute Joint</P>
    <P Name="Path">$bdroot/Pendulum/Revolute Joint</P>
    <P Name="SID">24</P>
    <P Name="Type">LIBRARY_BLOCK</P>
  </ExternalFileReference>
  <ExternalFileReference>
    <P Name="Reference">nesl_utility/Simulink-PS
Converter</P>
    <P Name="Path">$bdroot/Pendulum/Simulink-PS Converter</P>
    <P Name="SID">25</P>
    <P Name="Type">LIBRARY_BLOCK</P>
  </ExternalFileReference>
  <ExternalFileReference>
    <P Name="Reference">sm_lib/Frames and
Transforms/World Frame</P>
    <P Name="Path">$bdroot/Pendulum/World Frame</P>
    <P Name="SID">27</P>
    <P Name="Type">LIBRARY_BLOCK</P>
  </ExternalFileReference>
  <ExternalFileReference>
    <P Name="Reference">simulink/Sources/Band-Limited
White Noise</P>
    <P Name="Path">$bdroot/Process noise</P>
    <P Name="SID">110</P>
    <P Name="Type">LIBRARY_BLOCK</P>
  </ExternalFileReference>
  <P Name="OrderedModelArguments">1</P>
</GraphicalInterface>
