<?xml version="1.0" encoding="UTF-8"?>
<sltp_graph version="1.1" packageUris="http://schema.mathworks.com/mf0/sltp_mm/R2021b_202106150630">
  <sltp.mm.core.Context type="sltp.mm.core.Context" uuid="a5f8a795-f786-4b25-a311-02aa00f534dc">
    <priorityDirection>HighNumberLast</priorityDirection>
    <editorState type="sltp.mm.core.EditorState" uuid="a3c4ec6a-7855-463f-baf4-fe367fe33e4d">
      <isSynchronized>true</isSynchronized>
      <panelState type="sltp.mm.core.EditorPanelState" uuid="edf6590e-e711-4558-8d24-67e4e3cfa886"/>
    </editorState>
    <rootTask type="sltp.mm.core.Task" uuid="481beca8-90c6-4195-96fe-65ddbb95e174">
      <context type="sltp.mm.core.Context" uuid="a5f8a795-f786-4b25-a311-02aa00f534dc"/>
      <explicit>false</explicit>
      <name>Default</name>
      <priority>-2147483648</priority>
      <subgraph type="sltp.mm.core.Graph" uuid="7aa1cbd3-b657-4044-9986-a5b4f851ed90">
        <tasks type="sltp.mm.core.Task" uuid="97e5d8fa-e1a4-4112-89cc-ada02552d03f">
          <baseTask>true</baseTask>
          <context type="sltp.mm.core.Context" uuid="a5f8a795-f786-4b25-a311-02aa00f534dc"/>
          <explicit>false</explicit>
          <id>1</id>
          <isTimed>true</isTimed>
          <name>Cont</name>
          <priority>40</priority>
          <rates type="sltp.mm.core.Rate" uuid="b6b04bc7-b0b8-429e-a5ca-57b3e73c6b02">
            <annotation>Cont</annotation>
            <color>255</color>
            <hasBlocks>true</hasBlocks>
            <identifier>Continuous00</identifier>
            <rateSpec type="sltp.mm.core.RateSpec">
              <period>0.0</period>
            </rateSpec>
            <sti>0</sti>
          </rates>
          <rates type="sltp.mm.core.Rate" uuid="7dc70c29-7c21-4e47-90d0-842e6668d76a">
            <annotation>D1</annotation>
            <color>-436207361</color>
            <hasBlocks>true</hasBlocks>
            <rateSpec type="sltp.mm.core.RateSpec">
              <period>.01</period>
            </rateSpec>
            <sti>1</sti>
          </rates>
        </tasks>
      </subgraph>
    </rootTask>
  </sltp.mm.core.Context>
</sltp_graph>