<?xml version="1.0" encoding="UTF-8"?>
<sltp_editor version="1.1" packageUris="http://schema.mathworks.com/mf0/DiagramEditor/R2019a_20181107 http://schema.mathworks.com/mf0/SltpSyntax/R2022a_202109161050">
  <sltp.mm.syntax.Context type="sltp.mm.syntax.Context" uuid="3d8eb7ab-0f77-408a-8048-b4401641b6a3">
    <rootGraph type="sltp.mm.syntax.Graph" uuid="00e9a1c7-bb00-4997-8ca4-8bcf7814e3a7">
      <children type="sltp.mm.syntax.Node" uuid="957e6472-94e4-44b7-be05-74e90b82b421">
        <priority>40</priority>
        <rates type="sltp.mm.syntax.RateData">
          <color>#000000</color>
          <hasBlocks>true</hasBlocks>
          <rate>0</rate>
          <title>Cont</title>
        </rates>
        <rates type="sltp.mm.syntax.RateData">
          <color>#e60000</color>
          <hasBlocks>true</hasBlocks>
          <rate>0.01</rate>
          <title>D1</title>
        </rates>
        <title>Cont</title>
        <type>base</type>
        <diagramElement type="diagram.editor.model.Entity" uuid="ead70610-2379-4927-99e9-c6907a935599"/>
        <subgraph type="sltp.mm.syntax.Graph" uuid="ddfe0c5d-65c7-4bd1-8384-4289d1127760">
          <title>Cont</title>
          <diagramElement type="diagram.editor.model.Diagram" uuid="a5e6745a-ff73-4912-9e04-6e6afccded6a"/>
        </subgraph>
      </children>
      <title>Default</title>
      <diagramElement type="diagram.editor.model.Diagram" uuid="826e5a15-3543-4275-a733-33a7a7f88957"/>
    </rootGraph>
  </sltp.mm.syntax.Context>
  <diagram.editor.model.Diagram type="diagram.editor.model.Diagram" uuid="826e5a15-3543-4275-a733-33a7a7f88957">
    <entities type="diagram.editor.model.Entity" uuid="ead70610-2379-4927-99e9-c6907a935599">
      <position>0,0</position>
      <size>0,0,0,0</size>
      <syntaxElement type="sltp.mm.syntax.Node" uuid="957e6472-94e4-44b7-be05-74e90b82b421"/>
      <title>Cont</title>
      <type>base</type>
      <subDiagram type="diagram.editor.model.Diagram" uuid="a5e6745a-ff73-4912-9e04-6e6afccded6a">
        <position>0,0</position>
        <syntaxElement type="sltp.mm.syntax.Graph" uuid="ddfe0c5d-65c7-4bd1-8384-4289d1127760"/>
        <title>Cont</title>
        <type>graph.Graph</type>
      </subDiagram>
    </entities>
    <syntaxElement type="sltp.mm.syntax.Graph" uuid="00e9a1c7-bb00-4997-8ca4-8bcf7814e3a7"/>
    <title>Default</title>
    <type>graph.Graph</type>
  </diagram.editor.model.Diagram>
</sltp_editor>