<?xml version="1.0" encoding="utf-8"?>
<System>
  <P Name="Location">[80, 35, 2288, 1243]</P>
  <P Name="SystemRect">[0.000000, 0.000000, 0.000000, 0.000000]</P>
  <P Name="SetExecutionDomain">off</P>
  <P Name="ExecutionDomainType">Deduce</P>
  <P Name="ZoomFactor">296</P>
  <P Name="SimulinkSubDomain">Simulink</P>
  <Block BlockType="Reference" Name="Base" SID="19">
    <P Name="Ports">[0, 0, 0, 0, 0, 0, 1]</P>
    <P Name="Position">[240, 140, 280, 180]</P>
    <P Name="ZOrder">131</P>
    <P Name="BlockMirror">on</P>
    <P Name="LibraryVersion">7.51</P>
    <P Name="SourceBlock">sm_lib/Body Elements/Brick Solid</P>
    <P Name="SourceType">Brick Solid</P>
    <P Name="SourceProductBaseCode">MS</P>
    <InstanceData>
      <P Name="LogSimulationData">off</P>
      <P Name="GraphicAmbientColor">[0.15 0.15 0.15 1.0]</P>
      <P Name="GraphicAmbientColor_conf">compiletime</P>
      <P Name="BasedOnType">Density</P>
      <P Name="BrickDimensions">[0.2 0.05 0.1]</P>
      <P Name="BrickDimensionUnits">m</P>
      <P Name="BrickDimensions_conf">compiletime</P>
      <P Name="CenterOfMass">[0 0 0]</P>
      <P Name="CenterOfMassUnits">m</P>
      <P Name="CenterOfMass_conf">compiletime</P>
      <P Name="GraphicDiffuseColor">[0.2 0.2 0.2]</P>
      <P Name="GraphicDiffuseColor_conf">compiletime</P>
      <P Name="Density">1000</P>
      <P Name="DensityUnits">kg/(m^3)</P>
      <P Name="Density_conf">compiletime</P>
      <P Name="DoExposeReferenceFrame">on</P>
      <P Name="GraphicEmissiveColor">[0.0 0.0 0.0 1.0]</P>
      <P Name="GraphicEmissiveColor_conf">compiletime</P>
      <P Name="ExportEntireGeometry">off</P>
      <P Name="SerializedFrames">&lt;Frames/&gt;</P>
      <P Name="MarkerShape">Sphere</P>
      <P Name="MarkerSize">10</P>
      <P Name="MarkerSize_conf">compiletime</P>
      <P Name="GraphicType">FromGeometry</P>
      <P Name="InertiaType">CalculateFromGeometry</P>
      <P Name="Mass">1</P>
      <P Name="MassUnits">kg</P>
      <P Name="Mass_conf">compiletime</P>
      <P Name="MomentsOfInertia">[1 1 1]*1e-3</P>
      <P Name="MomentsOfInertiaUnits">kg*m^2</P>
      <P Name="MomentsOfInertia_conf">compiletime</P>
      <P Name="GraphicOpacity">1.0</P>
      <P Name="GraphicOpacity_conf">compiletime</P>
      <P Name="ProductsOfInertia">[0 0 0]</P>
      <P Name="ProductsOfInertiaUnits">kg*m^2</P>
      <P Name="ProductsOfInertia_conf">compiletime</P>
      <P Name="GraphicShininess">75</P>
      <P Name="GraphicShininess_conf">compiletime</P>
      <P Name="GraphicSpecularColor">[0.5 0.5 0.5 1.0]</P>
      <P Name="GraphicSpecularColor_conf">compiletime</P>
      <P Name="GraphicVisPropType">SimpleVisualProperties</P>
    </InstanceData>
  </Block>
  <Block BlockType="Reference" Name="Mechanism &#xA;Configuration" SID="20">
    <P Name="Ports">[0, 0, 0, 0, 0, 0, 1]</P>
    <P Name="Position">[80, 240, 120, 280]</P>
    <P Name="ZOrder">133</P>
    <P Name="LibraryVersion">7.51</P>
    <P Name="SourceBlock">sm_lib/Utilities/Mechanism
Configuration</P>
    <P Name="SourceType">Mechanism
Configuration</P>
    <P Name="SourceProductBaseCode">MS</P>
    <InstanceData>
      <P Name="LogSimulationData">off</P>
      <P Name="UniformGravity">Constant</P>
      <P Name="GravityVector">[0 -model.g 0]</P>
      <P Name="GravityUnits">m/s^2</P>
      <P Name="GravityVector_conf">compiletime</P>
      <P Name="LinearizationDelta">0.001</P>
      <P Name="JointModeTransitionNonlinearIterations">2</P>
    </InstanceData>
  </Block>
  <Block BlockType="Reference" Name="Solver&#xA;Configuration" SID="21">
    <P Name="Ports">[0, 0, 0, 0, 0, 0, 1]</P>
    <P Name="Position">[75, 144, 120, 176]</P>
    <P Name="ZOrder">134</P>
    <P Name="LibraryVersion">6.0</P>
    <P Name="SourceBlock">nesl_utility/Solver
Configuration</P>
    <P Name="SourceType">Solver
Configuration</P>
    <P Name="SourceProductBaseCode">SS,PW,VE</P>
    <InstanceData>
      <P Name="RTWMemSecFuncInitTerm">Inherit from model</P>
      <P Name="RTWMemSecFuncExecute">Inherit from model</P>
      <P Name="RTWMemSecDataConstants">Inherit from model</P>
      <P Name="RTWMemSecDataInternal">Inherit from model</P>
      <P Name="RTWMemSecDataParameters">Inherit from model</P>
      <P Name="ContentPreviewEnabled">off</P>
      <P Name="PhysicalDomain">network_engine_domain</P>
      <P Name="SubClassName">solver</P>
      <P Name="LeftPortType">input</P>
      <P Name="RightPortType">generic</P>
      <P Name="Tones">[]</P>
      <P Name="Harmonics">[]</P>
      <P Name="SimulateNoise">off</P>
      <P Name="Profile">off</P>
      <P Name="UseLocalSampling">off</P>
      <P Name="EnableSwitchedLinearOptims">on</P>
      <P Name="FrequencyDomain">off</P>
      <P Name="UseCCode">off</P>
      <P Name="RelTol">0.001</P>
      <P Name="AbsTol">1e-06</P>
      <P Name="MinStep">1e-09</P>
      <P Name="ToWorkspace">off</P>
      <P Name="RevertToSquareIcSolve">off</P>
      <P Name="NumHomotopyIterations">100</P>
      <P Name="PhasorMode">off</P>
      <P Name="PhasorModeNumHarmonics">1</P>
      <P Name="IndexReductionMethod">DerivativeReplacement</P>
      <P Name="DoDC">off</P>
      <P Name="ResidualTolerance">1e-9</P>
      <P Name="UseLocalSolver">off</P>
      <P Name="LocalSolverChoice">NE_BACKWARD_EULER_ADVANCER</P>
      <P Name="LocalSolverSampleTime">.001</P>
      <P Name="DoFixedCost">off</P>
      <P Name="MaxNonlinIter">3</P>
      <P Name="MaxModeIter">2</P>
      <P Name="ComputeImpulses">off</P>
      <P Name="ImpulseIterations">2</P>
      <P Name="LinearAlgebra">Sparse</P>
      <P Name="LinearAlgebraNumThread">0</P>
      <P Name="EquationFormulation">NE_TIME_EF</P>
      <P Name="DelaysMemoryBudget">1024</P>
      <P Name="AutomaticFiltering">on</P>
      <P Name="FilteringTimeConstant">0.001</P>
      <P Name="PartitionStorageMethod">AS_NEEDED</P>
      <P Name="PartitionMemoryBudget">1024</P>
      <P Name="PartitionMethod">FAST</P>
    </InstanceData>
  </Block>
  <Block BlockType="PMIOPort" Name="W" SID="22">
    <P Name="Position">[178, 85, 192, 115]</P>
    <P Name="ZOrder">132</P>
    <P Name="BlockRotation">270</P>
    <P Name="BlockMirror">on</P>
    <P Name="NameLocation">right</P>
    <P Name="Side">Left</P>
  </Block>
  <Block BlockType="PMIOPort" Name="B" SID="23">
    <P Name="Position">[178, 220, 192, 250]</P>
    <P Name="ZOrder">135</P>
    <P Name="BlockRotation">270</P>
    <P Name="NameLocation">right</P>
    <P Name="Port">2</P>
    <P Name="Side">Right</P>
  </Block>
  <Line LineType="Connection">
    <P Name="FontSize">11</P>
    <P Name="ZOrder">1</P>
    <P Name="Points">[140, 160; 0, 100; -5, 0]</P>
    <P Name="Dst">20#rconn:1</P>
    <Branch ConnectType="SRC_DEST">
      <P Name="Src">21#rconn:1</P>
      <P Name="Points">[5, 0]</P>
    </Branch>
    <Branch ConnectType="SRC_DEST">
      <P Name="Points">[185, 160; -45, 0]</P>
      <Branch ConnectType="SRC_DEST">
        <P Name="Src">23#rconn:1</P>
        <P Name="Points">[0, -45]</P>
      </Branch>
      <Branch ConnectType="SRC_SRC">
        <P Name="Dst">19#rconn:1</P>
      </Branch>
      <Branch ConnectType="SRC_DEST">
        <P Name="Src">22#rconn:1</P>
        <P Name="Points">[0, 30]</P>
      </Branch>
    </Branch>
  </Line>
</System>
