<?xml version="1.0" encoding="utf-8"?>
<System>
  <P Name="Location">[223, 338, 826, 833]</P>
  <P Name="SystemRect">[0.000000, 0.000000, 0.000000, 0.000000]</P>
  <P Name="SetExecutionDomain">off</P>
  <P Name="ExecutionDomainType">Deduce</P>
  <P Name="SIDHighWatermark">31</P>
  <P Name="SimulinkSubDomain">Simulink</P>
  <Block BlockType="Inport" Name="yk" SID="123::27">
    <P Name="Position">[20, 101, 40, 119]</P>
    <P Name="ZOrder">18</P>
  </Block>
  <Block BlockType="Inport" Name="uk" SID="123::30">
    <P Name="Position">[20, 136, 40, 154]</P>
    <P Name="ZOrder">19</P>
    <P Name="Port">2</P>
  </Block>
  <Block BlockType="Demux" Name=" Demux " SID="123::23">
    <P Name="Ports">[1, 1]</P>
    <P Name="Position">[270, 230, 320, 270]</P>
    <P Name="ZOrder">14</P>
    <P Name="Outputs">1</P>
  </Block>
  <Block BlockType="S-Function" Name=" SFunction " SID="123::22">
    <P Name="Tag">Stateflow S-Function 2</P>
    <P Name="Ports">[2, 3]</P>
    <P Name="Position">[180, 105, 230, 185]</P>
    <P Name="ZOrder">13</P>
    <P Name="FunctionName">sf_sfun</P>
    <P Name="Parameters">model</P>
    <P Name="PortCounts">[2 3]</P>
    <P Name="SFunctionDeploymentMode">off</P>
    <P Name="EnableBusSupport">on</P>
    <P Name="SFcnIsStateOwnerBlock">off</P>
    <Port>
      <P Name="PortNumber">2</P>
      <P Name="Name">xk</P>
    </Port>
    <Port>
      <P Name="PortNumber">3</P>
      <P Name="Name">Pk</P>
    </Port>
  </Block>
  <Block BlockType="Terminator" Name=" Terminator " SID="123::24">
    <P Name="Position">[460, 241, 480, 259]</P>
    <P Name="ZOrder">15</P>
  </Block>
  <Block BlockType="Outport" Name="xk" SID="123::5">
    <P Name="Position">[460, 101, 480, 119]</P>
    <P Name="ZOrder">-5</P>
  </Block>
  <Block BlockType="Outport" Name="Pk" SID="123::31">
    <P Name="Position">[460, 136, 480, 154]</P>
    <P Name="ZOrder">20</P>
    <P Name="Port">2</P>
  </Block>
  <Line>
    <P Name="ZOrder">1</P>
    <P Name="Src">123::27#out:1</P>
    <P Name="Points">[80, 0; 0, 15]</P>
    <P Name="Dst">123::22#in:1</P>
  </Line>
  <Line>
    <P Name="ZOrder">2</P>
    <P Name="Src">123::30#out:1</P>
    <P Name="Points">[39, 0; 0, 20]</P>
    <P Name="Dst">123::22#in:2</P>
  </Line>
  <Line>
    <P Name="Name">xk</P>
    <P Name="ZOrder">3</P>
    <P Name="Labels">[0, 0]</P>
    <P Name="Src">123::22#out:2</P>
    <P Name="Points">[74, 0; 0, -35]</P>
    <P Name="Dst">123::5#in:1</P>
  </Line>
  <Line>
    <P Name="Name">Pk</P>
    <P Name="ZOrder">4</P>
    <P Name="Labels">[0, 0]</P>
    <P Name="Src">123::22#out:3</P>
    <P Name="Points">[147, 0; 0, -25]</P>
    <P Name="Dst">123::31#in:1</P>
  </Line>
  <Line>
    <P Name="ZOrder">5</P>
    <P Name="Src">123::23#out:1</P>
    <P Name="Dst">123::24#in:1</P>
  </Line>
  <Line>
    <P Name="ZOrder">6</P>
    <P Name="Src">123::22#out:1</P>
    <P Name="Points">[16, 0; 0, 130]</P>
    <P Name="Dst">123::23#in:1</P>
  </Line>
</System>
