<?xml version="1.0" encoding="utf-8"?>
<System>
  <P Name="Location">[72, 27, 1680, 1050]</P>
  <P Name="SystemRect">[0.000000, 0.000000, 0.000000, 0.000000]</P>
  <P Name="SetExecutionDomain">off</P>
  <P Name="ExecutionDomainType">Deduce</P>
  <P Name="SimulinkSubDomain">Simulink</P>
  <Block BlockType="Inport" Name="Torque" SID="8">
    <P Name="Position">[475, 623, 515, 647]</P>
    <P Name="ZOrder">1626</P>
    <P Name="BlockMirror">on</P>
    <P Name="NameLocation">top</P>
  </Block>
  <Block BlockType="Inport" Name="Process Noise" SID="9">
    <P Name="Position">[475, 713, 515, 737]</P>
    <P Name="ZOrder">1633</P>
    <P Name="BlockMirror">on</P>
    <P Name="NameLocation">top</P>
    <P Name="Port">2</P>
  </Block>
  <Block BlockType="SubSystem" Name="Link" SID="10">
    <P Name="Tag">CustomStyle</P>
    <P Name="Ports">[0, 0, 0, 0, 0, 1, 1]</P>
    <P Name="Position">[100, 865, 130, 935]</P>
    <P Name="ZOrder">1618</P>
    <P Name="BlockRotation">270</P>
    <P Name="BackgroundColor">[0.925490, 0.607843, 0.650980]</P>
    <P Name="NameLocation">right</P>
    <P Name="RequestExecContextInheritance">off</P>
    <System Ref="system_10"/>
  </Block>
  <Block BlockType="Reference" Name="PS-Simulink&#xA;Converter" SID="17">
    <P Name="Ports">[0, 1, 0, 0, 0, 1]</P>
    <P Name="Position">[270, 817, 330, 863]</P>
    <P Name="ZOrder">1634</P>
    <P Name="ShowName">off</P>
    <P Name="HideAutomaticName">off</P>
    <P Name="LibraryVersion">6.0</P>
    <P Name="SourceBlock">nesl_utility/PS-Simulink
Converter</P>
    <P Name="SourceType">PS-Simulink
Converter</P>
    <P Name="SourceProductBaseCode">SS,PW,VE</P>
    <InstanceData>
      <P Name="RTWMemSecFuncInitTerm">Inherit from model</P>
      <P Name="RTWMemSecFuncExecute">Inherit from model</P>
      <P Name="RTWMemSecDataConstants">Inherit from model</P>
      <P Name="RTWMemSecDataInternal">Inherit from model</P>
      <P Name="RTWMemSecDataParameters">Inherit from model</P>
      <P Name="ContentPreviewEnabled">off</P>
      <P Name="PhysicalDomain">network_engine_domain</P>
      <P Name="SubClassName">ps_output</P>
      <P Name="LeftPortType">input</P>
      <P Name="RightPortType">output</P>
      <P Name="PseudoPeriodic">off</P>
      <P Name="Frequencies">[]</P>
      <P Name="VectorFormat">1-D array</P>
      <P Name="Unit">1</P>
      <P Name="AffineConversion">off</P>
    </InstanceData>
  </Block>
  <Block BlockType="SubSystem" Name="Pivot" SID="18">
    <P Name="Tag">CustomStyle</P>
    <P Name="Ports">[0, 0, 0, 0, 0, 1, 1]</P>
    <P Name="Position">[92, 620, 138, 670]</P>
    <P Name="ZOrder">1619</P>
    <P Name="BlockRotation">270</P>
    <P Name="BlockMirror">on</P>
    <P Name="BackgroundColor">gray</P>
    <P Name="NameLocation">right</P>
    <P Name="HideAutomaticName">off</P>
    <P Name="RequestExecContextInheritance">off</P>
    <System Ref="system_18"/>
  </Block>
  <Block BlockType="Reference" Name="Revolute&#xA;Joint" SID="24">
    <P Name="Ports">[0, 0, 0, 0, 0, 2, 2]</P>
    <P Name="Position">[94, 720, 181, 805]</P>
    <P Name="ZOrder">1502</P>
    <P Name="BlockRotation">270</P>
    <P Name="BlockMirror">on</P>
    <P Name="NameLocation">right</P>
    <P Name="HideAutomaticName">off</P>
    <P Name="LibraryVersion">7.51</P>
    <P Name="SourceBlock">sm_lib/Joints/Revolute Joint</P>
    <P Name="SourceType">Revolute Joint</P>
    <P Name="SourceProductBaseCode">MS</P>
    <InstanceData>
      <P Name="LogSimulationData">off</P>
      <P Name="JointMode">Normal</P>
      <P Name="SenseConstraintForce">off</P>
      <P Name="SenseConstraintForceX">off</P>
      <P Name="SenseConstraintForceY">off</P>
      <P Name="SenseConstraintForceZ">off</P>
      <P Name="SenseConstraintTorque">off</P>
      <P Name="SenseConstraintTorqueX">off</P>
      <P Name="SenseConstraintTorqueY">off</P>
      <P Name="SenseConstraintTorqueZ">off</P>
      <P Name="SenseTotalForce">off</P>
      <P Name="SenseTotalForceX">off</P>
      <P Name="SenseTotalForceY">off</P>
      <P Name="SenseTotalForceZ">off</P>
      <P Name="SenseTotalTorque">off</P>
      <P Name="SenseTotalTorqueX">off</P>
      <P Name="SenseTotalTorqueY">off</P>
      <P Name="SenseTotalTorqueZ">off</P>
      <P Name="CompositeWrenchDir">FollowerOnBase</P>
      <P Name="CompositeWrenchFrame">BaseFrame</P>
      <P Name="EquilibriumPosition">0</P>
      <P Name="EquilibriumPositionUnits">rad</P>
      <P Name="EquilibriumPosition_conf">compiletime</P>
      <P Name="SpringStiffness">0</P>
      <P Name="SpringStiffnessUnits">N*m/rad</P>
      <P Name="SpringStiffness_conf">compiletime</P>
      <P Name="DampingCoefficient">0</P>
      <P Name="DampingCoefficientUnits">N*m/(rad/s)</P>
      <P Name="DampingCoefficient_conf">compiletime</P>
      <P Name="TorqueActuationMode">InputTorque</P>
      <P Name="MotionActuationMode">ComputedMotion</P>
      <P Name="SensePosition">on</P>
      <P Name="SenseVelocity">off</P>
      <P Name="SenseAcceleration">off</P>
      <P Name="SenseTorqueForce">off</P>
      <P Name="SenseLowerLimitTorqueForce">off</P>
      <P Name="SenseUpperLimitTorqueForce">off</P>
      <P Name="LowerLimitSpecify">off</P>
      <P Name="LowerLimitBound">-90</P>
      <P Name="LowerLimitBoundUnits">deg</P>
      <P Name="LowerLimitBound_conf">compiletime</P>
      <P Name="LowerLimitStiffness">1e4</P>
      <P Name="LowerLimitStiffnessUnits">N*m/deg</P>
      <P Name="LowerLimitStiffness_conf">compiletime</P>
      <P Name="LowerLimitDamping">10</P>
      <P Name="LowerLimitDampingUnits">N*m/(deg/s)</P>
      <P Name="LowerLimitDamping_conf">compiletime</P>
      <P Name="LowerLimitTransitionRegionWidth">0.1</P>
      <P Name="LowerLimitTransitionRegionWidthUnits">deg</P>
      <P Name="LowerLimitTransitionRegionWidth_conf">compiletime</P>
      <P Name="UpperLimitSpecify">off</P>
      <P Name="UpperLimitBound">90</P>
      <P Name="UpperLimitBoundUnits">deg</P>
      <P Name="UpperLimitBound_conf">compiletime</P>
      <P Name="UpperLimitStiffness">1e4</P>
      <P Name="UpperLimitStiffnessUnits">N*m/deg</P>
      <P Name="UpperLimitStiffness_conf">compiletime</P>
      <P Name="UpperLimitDamping">10</P>
      <P Name="UpperLimitDampingUnits">N*m/(deg/s)</P>
      <P Name="UpperLimitDamping_conf">compiletime</P>
      <P Name="UpperLimitTransitionRegionWidth">0.1</P>
      <P Name="UpperLimitTransitionRegionWidthUnits">deg</P>
      <P Name="UpperLimitTransitionRegionWidth_conf">compiletime</P>
      <P Name="PositionTargetSpecify">on</P>
      <P Name="PositionTargetPriority">High</P>
      <P Name="PositionTargetValue">model.theta0</P>
      <P Name="PositionTargetValueUnits">rad</P>
      <P Name="PositionTargetValue_conf">compiletime</P>
      <P Name="VelocityTargetSpecify">on</P>
      <P Name="VelocityTargetPriority">High</P>
      <P Name="VelocityTargetValue">model.theta_dot0</P>
      <P Name="VelocityTargetValueUnits">rad/s</P>
      <P Name="VelocityTargetValue_conf">compiletime</P>
    </InstanceData>
  </Block>
  <Block BlockType="Reference" Name="Simulink-PS&#xA;Converter" SID="25">
    <P Name="Ports">[1, 0, 0, 0, 0, 0, 1]</P>
    <P Name="Position">[270, 661, 330, 709]</P>
    <P Name="ZOrder">1625</P>
    <P Name="BlockMirror">on</P>
    <P Name="NameLocation">top</P>
    <P Name="ShowName">off</P>
    <P Name="HideAutomaticName">off</P>
    <P Name="LibraryVersion">6.0</P>
    <P Name="SourceBlock">nesl_utility/Simulink-PS
Converter</P>
    <P Name="SourceType">Simulink-PS
Converter</P>
    <P Name="SourceProductBaseCode">SS,PW,VE</P>
    <InstanceData>
      <P Name="RTWMemSecFuncInitTerm">Inherit from model</P>
      <P Name="RTWMemSecFuncExecute">Inherit from model</P>
      <P Name="RTWMemSecDataConstants">Inherit from model</P>
      <P Name="RTWMemSecDataInternal">Inherit from model</P>
      <P Name="RTWMemSecDataParameters">Inherit from model</P>
      <P Name="ContentPreviewEnabled">off</P>
      <P Name="PhysicalDomain">network_engine_domain</P>
      <P Name="SubClassName">ps_input</P>
      <P Name="LeftPortType">input</P>
      <P Name="RightPortType">output</P>
      <P Name="PseudoPeriodic">off</P>
      <P Name="Frequencies">[]</P>
      <P Name="NoiseDistribution">none</P>
      <P Name="NoiseParameters">[]</P>
      <P Name="Unit">1</P>
      <P Name="AffineConversion">off</P>
      <P Name="FilteringAndDerivatives">provide</P>
      <P Name="SimscapeFilterOrder">1</P>
      <P Name="InputFilterTimeConstant">0.001</P>
      <P Name="UdotUserProvided">0</P>
    </InstanceData>
  </Block>
  <Block BlockType="Sum" Name="Sum1" SID="26">
    <P Name="Ports">[2, 1]</P>
    <P Name="Position">[375, 675, 395, 695]</P>
    <P Name="ZOrder">1631</P>
    <P Name="BlockMirror">on</P>
    <P Name="NameLocation">top</P>
    <P Name="ShowName">off</P>
    <P Name="Inputs">+|+</P>
  </Block>
  <Block BlockType="Reference" Name="World&#xA;Frame" SID="27">
    <P Name="Ports">[0, 0, 0, 0, 0, 0, 1]</P>
    <P Name="Position">[95, 545, 135, 585]</P>
    <P Name="ZOrder">1501</P>
    <P Name="BlockRotation">270</P>
    <P Name="BlockMirror">on</P>
    <P Name="NameLocation">right</P>
    <P Name="HideAutomaticName">off</P>
    <P Name="LibraryVersion">7.51</P>
    <P Name="SourceBlock">sm_lib/Frames and
Transforms/World Frame</P>
    <P Name="SourceType">World Frame</P>
    <P Name="SourceProductBaseCode">MS</P>
    <InstanceData>
      <P Name="LogSimulationData">off</P>
    </InstanceData>
  </Block>
  <Block BlockType="Outport" Name="Theta" SID="28">
    <P Name="Position">[475, 830, 515, 850]</P>
    <P Name="ZOrder">1627</P>
  </Block>
  <Line>
    <P Name="ZOrder">1</P>
    <P Name="Src">26#out:1</P>
    <P Name="Dst">25#in:1</P>
  </Line>
  <Line>
    <P Name="ZOrder">2</P>
    <P Name="Src">8#out:1</P>
    <P Name="Points">[-85, 0]</P>
    <P Name="Dst">26#in:1</P>
  </Line>
  <Line>
    <P Name="ZOrder">3</P>
    <P Name="Src">9#out:1</P>
    <P Name="Points">[-85, 0]</P>
    <P Name="Dst">26#in:2</P>
  </Line>
  <Line LineType="Connection">
    <P Name="FontSize">11</P>
    <P Name="ZOrder">5</P>
    <P Name="Src">18#lconn:1</P>
    <P Name="Dst">27#rconn:1</P>
  </Line>
  <Line LineType="Connection">
    <P Name="FontSize">11</P>
    <P Name="ZOrder">6</P>
    <P Name="Src">18#rconn:1</P>
    <P Name="Dst">24#lconn:1</P>
  </Line>
  <Line LineType="Connection">
    <P Name="FontSize">11</P>
    <P Name="ZOrder">7</P>
    <P Name="Src">10#rconn:1</P>
    <P Name="Dst">24#rconn:1</P>
  </Line>
  <Line>
    <P Name="ZOrder">8</P>
    <P Name="Src">17#out:1</P>
    <P Name="Dst">28#in:1</P>
  </Line>
  <Line LineType="Connection">
    <P Name="ZOrder">11</P>
    <P Name="Src">24#rconn:2</P>
    <P Name="Points">[0, 20]</P>
    <P Name="Dst">17#lconn:1</P>
  </Line>
  <Line LineType="Connection">
    <P Name="ZOrder">12</P>
    <P Name="Src">25#rconn:1</P>
    <P Name="Points">[-95, 0]</P>
    <P Name="Dst">24#lconn:2</P>
  </Line>
</System>
