<?xml version="1.0" encoding="utf-8"?>
<System>
  <P Name="Location">[72, 27, 1680, 1050]</P>
  <P Name="SystemRect">[0.000000, 0.000000, 0.000000, 0.000000]</P>
  <P Name="Open">on</P>
  <P Name="SetExecutionDomain">off</P>
  <P Name="ExecutionDomainType">Deduce</P>
  <P Name="ZoomFactor">126</P>
  <P Name="ReportName">simulink-default.rpt</P>
  <P Name="SIDHighWatermark">161</P>
  <P Name="SimulinkSubDomain">Simulink</P>
  <Block BlockType="Constant" Name="Constant" SID="103">
    <P Name="Position">[-2230, -510, -2200, -480]</P>
    <P Name="ZOrder">1731</P>
    <P Name="Value">0</P>
    <P Name="SampleTime">model.ts</P>
  </Block>
  <Block BlockType="Demux" Name="Demux" SID="118">
    <P Name="Ports">[1, 3]</P>
    <P Name="Position">[-1235, -539, -1230, -431]</P>
    <P Name="ZOrder">1746</P>
    <P Name="Outputs">3</P>
    <Port>
      <P Name="PortNumber">1</P>
      <P Name="Name">Actual theta [deg]</P>
    </Port>
    <Port>
      <P Name="PortNumber">2</P>
      <P Name="Name">Measured theta [deg]</P>
    </Port>
    <Port>
      <P Name="PortNumber">3</P>
      <P Name="Name">Estimated theta [deg]</P>
    </Port>
  </Block>
  <Block BlockType="SubSystem" Name="MATLAB Function2" SID="123">
    <P Name="Ports">[2, 2]</P>
    <P Name="Position">[-1630, -461, -1555, -414]</P>
    <P Name="ZOrder">5893</P>
    <P Name="ErrorFcn">Stateflow.Translate.translate</P>
    <P Name="PermitHierarchicalResolution">ExplicitOnly</P>
    <P Name="TreatAsAtomicUnit">on</P>
    <P Name="RequestExecContextInheritance">off</P>
    <P Name="SFBlockType">MATLAB Function</P>
    <P Name="ContentPreviewEnabled">on</P>
    <System Ref="system_123"/>
  </Block>
  <Block BlockType="Reference" Name="Measurement noise" SID="109">
    <P Name="Ports">[0, 1]</P>
    <P Name="Position">[-1895, -650, -1865, -620]</P>
    <P Name="ZOrder">1737</P>
    <P Name="ForegroundColor">red</P>
    <P Name="LibraryVersion">2.3</P>
    <P Name="SourceBlock">simulink/Sources/Band-Limited
White Noise</P>
    <P Name="SourceType">Band-Limited White Noise.</P>
    <P Name="SourceProductBaseCode">SL</P>
    <InstanceData>
      <P Name="RTWMemSecFuncInitTerm">Inherit from model</P>
      <P Name="RTWMemSecFuncExecute">Inherit from model</P>
      <P Name="RTWMemSecDataConstants">Inherit from model</P>
      <P Name="RTWMemSecDataInternal">Inherit from model</P>
      <P Name="RTWMemSecDataParameters">Inherit from model</P>
      <P Name="ContentPreviewEnabled">on</P>
      <P Name="Cov">model.R*model.ts</P>
      <P Name="Ts">model.ts</P>
      <P Name="seed">[23341]</P>
      <P Name="VectorParams1D">on</P>
    </InstanceData>
  </Block>
  <Block BlockType="Mux" Name="Mux" SID="121">
    <P Name="Ports">[3, 1]</P>
    <P Name="Position">[-1385, -539, -1380, -431]</P>
    <P Name="ZOrder">1749</P>
    <P Name="Inputs">3</P>
    <P Name="DisplayOption">bar</P>
  </Block>
  <Block BlockType="SubSystem" Name="Pendulum" SID="1">
    <P Name="Ports">[2, 1]</P>
    <P Name="Position">[-2030, -538, -1915, -367]</P>
    <P Name="ZOrder">1730</P>
    <P Name="HideAutomaticName">off</P>
    <P Name="FontSize">14</P>
    <P Name="RequestExecContextInheritance">off</P>
    <Mask>
      <Display RunInitForIconRedraw="off">image(&apos;pend.png&apos;);
port_label(&apos;input&apos;,1,&apos;T&apos;);
port_label(&apos;input&apos;,2,&apos;w&apos;);
port_label(&apos;output&apos;,1,&apos;\theta&apos;,&apos;interpreter&apos;,&apos;tex&apos;);</Display>
      <MaskParameter Name="theta_0" Type="edit">
        <Prompt>Initial value of theta</Prompt>
        <Value>model.theta0</Value>
      </MaskParameter>
      <MaskParameter Name="theta_dot_0" Type="edit">
        <Prompt>Initial value of theta_dot</Prompt>
        <Value>model.theta_dot0</Value>
      </MaskParameter>
      <DialogControl Type="Group" Name="DescGroupVar">
        <Prompt>%&lt;MaskType&gt;</Prompt>
        <DialogControl Type="Text" Name="DescTextVar">
          <Prompt>%&lt;MaskDescription&gt;</Prompt>
        </DialogControl>
      </DialogControl>
      <DialogControl Type="Group" Name="ParameterGroupVar">
        <Prompt>Simulink:studio:ToolBarParametersMenu</Prompt>
        <DialogControl Type="Edit" Name="theta_0">
          <Prompt>Initial value of theta</Prompt>
          <ControlOptions PromptLocation="left"/>
        </DialogControl>
        <DialogControl Type="Edit" Name="theta_dot_0">
          <Prompt>Initial value of theta_dot</Prompt>
          <ControlOptions PromptLocation="left"/>
        </DialogControl>
      </DialogControl>
    </Mask>
    <System Ref="system_1"/>
  </Block>
  <Block BlockType="Reference" Name="Process noise" SID="110">
    <P Name="Ports">[0, 1]</P>
    <P Name="Position">[-2230, -425, -2200, -395]</P>
    <P Name="ZOrder">1738</P>
    <P Name="LibraryVersion">2.3</P>
    <P Name="SourceBlock">simulink/Sources/Band-Limited
White Noise</P>
    <P Name="SourceType">Band-Limited White Noise.</P>
    <P Name="SourceProductBaseCode">SL</P>
    <InstanceData>
      <P Name="RTWMemSecFuncInitTerm">Inherit from model</P>
      <P Name="RTWMemSecFuncExecute">Inherit from model</P>
      <P Name="RTWMemSecDataConstants">Inherit from model</P>
      <P Name="RTWMemSecDataInternal">Inherit from model</P>
      <P Name="RTWMemSecDataParameters">Inherit from model</P>
      <P Name="ContentPreviewEnabled">on</P>
      <P Name="Cov">1e-5</P>
      <P Name="Ts">model.ts</P>
      <P Name="seed">[23341]</P>
      <P Name="VectorParams1D">on</P>
    </InstanceData>
  </Block>
  <Block BlockType="Scope" Name="Scope" SID="105">
    <P Name="Ports">[3]</P>
    <P Name="Position">[-1120, -537, -1070, -433]</P>
    <P Name="ZOrder">1733</P>
    <P Name="ScopeSpecificationString">Simulink.scopes.TimeScopeBlockCfg(&apos;CurrentConfiguration&apos;, extmgr.ConfigurationSet(extmgr.Configuration(&apos;Core&apos;,&apos;General UI&apos;,true),extmgr.Configuration(&apos;Core&apos;,&apos;Source UI&apos;,true),extmgr.Configuration(&apos;Sources&apos;,&apos;WiredSimulink&apos;,true,&apos;DataLoggingVariableName&apos;,&apos;theta&apos;,&apos;DataLogging&apos;,true,&apos;DataLoggingSaveFormat&apos;,&apos;StructureWithTime&apos;),extmgr.Configuration(&apos;Visuals&apos;,&apos;Time Domain&apos;,true,&apos;SerializedDisplays&apos;,{struct(&apos;MinYLimReal&apos;,&apos;-26.13847&apos;,&apos;MaxYLimReal&apos;,&apos;26.63525&apos;,&apos;YLabelReal&apos;,&apos;&apos;,&apos;MinYLimMag&apos;,&apos;0.00000&apos;,&apos;MaxYLimMag&apos;,&apos;26.63525&apos;,&apos;LegendVisibility&apos;,&apos;On&apos;,&apos;XGrid&apos;,true,&apos;YGrid&apos;,true,&apos;PlotMagPhase&apos;,false,&apos;AxesColor&apos;,[0 0 0],&apos;AxesTickColor&apos;,[0.686274509803922 0.686274509803922 0.686274509803922],&apos;ColorOrder&apos;,[1 1 0.0666666666666667;0.0745098039215686 0.623529411764706 1;1 0.411764705882353 0.16078431372549;0.392156862745098 0.831372549019608 0.0745098039215686;0.717647058823529 0.274509803921569 1;0.0588235294117647 1 1;1 0.0745098039215686 0.650980392156863],&apos;Title&apos;,&apos;%&lt;SignalLabel&gt;&apos;,&apos;LinePropertiesCache&apos;,{{struct(&apos;Visible&apos;,&apos;on&apos;),struct(&apos;Visible&apos;,&apos;off&apos;),struct(&apos;Visible&apos;,&apos;on&apos;)}},&apos;UserDefinedChannelNames&apos;,{{}},&apos;NumLines&apos;,3,&apos;LineNames&apos;,{{&apos;Actual theta [deg]&apos;,&apos;Measured theta [deg]&apos;,&apos;Estimated theta [deg]&apos;}},&apos;ShowContent&apos;,true,&apos;Placement&apos;,1)},&apos;DisplayPropertyDefaults&apos;,struct(&apos;MinYLimReal&apos;,&apos;-26.13847&apos;,&apos;MaxYLimReal&apos;,&apos;26.63525&apos;,&apos;YLabelReal&apos;,&apos;&apos;,&apos;MinYLimMag&apos;,&apos;0.00000&apos;,&apos;MaxYLimMag&apos;,&apos;26.63525&apos;,&apos;LegendVisibility&apos;,&apos;On&apos;,&apos;XGrid&apos;,true,&apos;YGrid&apos;,true,&apos;PlotMagPhase&apos;,false,&apos;AxesColor&apos;,[0 0 0],&apos;AxesTickColor&apos;,[0.686274509803922 0.686274509803922 0.686274509803922],&apos;ColorOrder&apos;,[0.0745098039215686 0.623529411764706 1;1 0.411764705882353 0.16078431372549;1 1 0.0666666666666667;0.717647058823529 0.274509803921569 1;0.392156862745098 0.831372549019608 0.0745098039215686;0.0588235294117647 1 1;1 0.0745098039215686 0.650980392156863])),extmgr.Configuration(&apos;Tools&apos;,&apos;Plot Navigation&apos;,true,&apos;PreviousAutoscale&apos;,&apos;XY&apos;,&apos;OnceAtStop&apos;,false),extmgr.Configuration(&apos;Tools&apos;,&apos;Measurements&apos;,true,&apos;Version&apos;,&apos;2022a&apos;)),&apos;Version&apos;,&apos;2022a&apos;,&apos;Position&apos;,[857 272 570 413])</P>
    <P Name="NumInputPorts">3</P>
    <P Name="Floating">off</P>
  </Block>
  <Block BlockType="Selector" Name="Selector" SID="113">
    <P Name="Ports">[1, 1]</P>
    <P Name="Position">[-1520, -469, -1480, -431]</P>
    <P Name="ZOrder">1741</P>
    <P Name="InputPortWidth">2</P>
    <P Name="IndexOptions">Index vector (dialog)</P>
    <P Name="Indices">[1]</P>
    <P Name="OutputSizes">1</P>
    <Port>
      <P Name="PortNumber">1</P>
      <P Name="Name">Estimated theta [rad]</P>
    </Port>
  </Block>
  <Block BlockType="Sum" Name="Sum" SID="108">
    <P Name="Ports">[2, 1]</P>
    <P Name="Position">[-1755, -460, -1735, -440]</P>
    <P Name="ZOrder">1736</P>
    <P Name="Inputs">++|</P>
    <Port>
      <P Name="PortNumber">1</P>
      <P Name="Name">Measured theta [rad]</P>
    </Port>
  </Block>
  <Block BlockType="Terminator" Name="Terminator" SID="130">
    <P Name="Position">[-1535, -435, -1515, -415]</P>
    <P Name="ZOrder">5900</P>
  </Block>
  <Block BlockType="ZeroOrderHold" Name="Zero-Order&#xA;Hold" SID="124">
    <P Name="Position">[-1875, -465, -1840, -435]</P>
    <P Name="ZOrder">5894</P>
    <P Name="ForegroundColor">red</P>
    <P Name="SampleTime">model.ts</P>
    <Port>
      <P Name="PortNumber">1</P>
      <P Name="Name">Actual theta [rad]</P>
    </Port>
  </Block>
  <Block BlockType="Gain" Name="rad2deg" SID="115">
    <P Name="Position">[-1335, -503, -1280, -467]</P>
    <P Name="ZOrder">1743</P>
    <P Name="Gain">180/pi</P>
  </Block>
  <Block BlockType="Scope" Name="Scope1" SID="7">
    <P Name="Ports">[]</P>
    <P Name="Position">[185, 14, 215, 46]</P>
    <P Name="ZOrder">1707</P>
    <P Name="IOType">viewer</P>
    <P Name="ScopeSpecificationString">Simulink.scopes.TimeScopeBlockCfg(&apos;CurrentConfiguration&apos;, extmgr.ConfigurationSet(extmgr.Configuration(&apos;Core&apos;,&apos;General UI&apos;,true),extmgr.Configuration(&apos;Core&apos;,&apos;Source UI&apos;,true),extmgr.Configuration(&apos;Sources&apos;,&apos;WiredSimulink&apos;,true),extmgr.Configuration(&apos;Visuals&apos;,&apos;Time Domain&apos;,true,&apos;SerializedDisplays&apos;,{struct(&apos;MinYLimReal&apos;,&apos;-10.00000&apos;,&apos;MaxYLimReal&apos;,&apos;10.00000&apos;,&apos;YLabelReal&apos;,&apos;&apos;,&apos;MinYLimMag&apos;,&apos;0.00000&apos;,&apos;MaxYLimMag&apos;,&apos;10.00000&apos;,&apos;LegendVisibility&apos;,&apos;off&apos;,&apos;XGrid&apos;,true,&apos;YGrid&apos;,true,&apos;PlotMagPhase&apos;,false,&apos;AxesColor&apos;,[0 0 0],&apos;AxesTickColor&apos;,[0.686274509803922 0.686274509803922 0.686274509803922],&apos;ColorOrder&apos;,[1 1 0.0666666666666667;0.0745098039215686 0.623529411764706 1;1 0.411764705882353 0.16078431372549;0.392156862745098 0.831372549019608 0.0745098039215686;0.717647058823529 0.274509803921569 1;0.0588235294117647 1 1;1 0.0745098039215686 0.650980392156863],&apos;Title&apos;,&apos;%&lt;SignalLabel&gt;&apos;,&apos;LinePropertiesCache&apos;,{{}},&apos;UserDefinedChannelNames&apos;,{{}},&apos;NumLines&apos;,0,&apos;LineNames&apos;,{{[]}},&apos;ShowContent&apos;,true,&apos;Placement&apos;,1)},&apos;DisplayPropertyDefaults&apos;,struct(&apos;MinYLimReal&apos;,&apos;-10.00000&apos;,&apos;MaxYLimReal&apos;,&apos;10.00000&apos;,&apos;YLabelReal&apos;,&apos;&apos;,&apos;MinYLimMag&apos;,&apos;0.00000&apos;,&apos;MaxYLimMag&apos;,&apos;10.00000&apos;,&apos;LegendVisibility&apos;,&apos;off&apos;,&apos;XGrid&apos;,true,&apos;YGrid&apos;,true,&apos;PlotMagPhase&apos;,false,&apos;AxesColor&apos;,[0 0 0],&apos;AxesTickColor&apos;,[0.686274509803922 0.686274509803922 0.686274509803922],&apos;ColorOrder&apos;,[0.0745098039215686 0.623529411764706 1;1 0.411764705882353 0.16078431372549;1 1 0.0666666666666667;0.717647058823529 0.274509803921569 1;0.392156862745098 0.831372549019608 0.0745098039215686;0.0588235294117647 1 1;1 0.0745098039215686 0.650980392156863])),extmgr.Configuration(&apos;Tools&apos;,&apos;Plot Navigation&apos;,true),extmgr.Configuration(&apos;Tools&apos;,&apos;Measurements&apos;,true,&apos;Version&apos;,&apos;2022a&apos;)),&apos;Version&apos;,&apos;2022a&apos;)</P>
    <P Name="NumInputPorts">1</P>
    <P Name="Floating">off</P>
  </Block>
  <Line>
    <P Name="ZOrder">1</P>
    <P Name="Src">103#out:1</P>
    <P Name="Points">[80, 0]</P>
    <Branch>
      <P Name="ZOrder">46</P>
      <P Name="Points">[0, -67; 451, 0; 0, 137]</P>
      <P Name="Dst">123#in:2</P>
    </Branch>
    <Branch>
      <P Name="ZOrder">42</P>
      <P Name="Dst">1#in:1</P>
    </Branch>
  </Line>
  <Line>
    <P Name="ZOrder">12</P>
    <P Name="Src">109#out:1</P>
    <P Name="Points">[115, 0]</P>
    <P Name="Dst">108#in:1</P>
  </Line>
  <Line>
    <P Name="ZOrder">16</P>
    <P Name="Src">110#out:1</P>
    <P Name="Dst">1#in:2</P>
  </Line>
  <Line>
    <P Name="ZOrder">44</P>
    <P Name="Src">123#out:1</P>
    <P Name="Dst">113#in:1</P>
  </Line>
  <Line>
    <P Name="Name">Estimated theta [rad]</P>
    <P Name="ZOrder">39</P>
    <P Name="Labels">[1, 1]</P>
    <P Name="Src">113#out:1</P>
    <P Name="Dst">121#in:3</P>
  </Line>
  <Line>
    <P Name="Name">Actual theta [deg]</P>
    <P Name="ZOrder">36</P>
    <P Name="Labels">[1, 1]</P>
    <P Name="Src">118#out:1</P>
    <P Name="Dst">105#in:1</P>
  </Line>
  <Line>
    <P Name="ZOrder">35</P>
    <P Name="Src">115#out:1</P>
    <P Name="Dst">118#in:1</P>
  </Line>
  <Line>
    <P Name="Name">Measured theta [deg]</P>
    <P Name="ZOrder">37</P>
    <P Name="Labels">[1, 1]</P>
    <P Name="Src">118#out:2</P>
    <P Name="Dst">105#in:2</P>
  </Line>
  <Line>
    <P Name="Name">Estimated theta [deg]</P>
    <P Name="ZOrder">38</P>
    <P Name="Labels">[1, 1]</P>
    <P Name="Src">118#out:3</P>
    <P Name="Dst">105#in:3</P>
  </Line>
  <Line>
    <P Name="ZOrder">40</P>
    <P Name="Src">121#out:1</P>
    <P Name="Dst">115#in:1</P>
  </Line>
  <Line>
    <P Name="ZOrder">102</P>
    <P Name="Src">1#out:1</P>
    <P Name="Dst">124#in:1</P>
  </Line>
  <Line>
    <P Name="ZOrder">129</P>
    <P Name="Src">123#out:2</P>
    <P Name="Dst">130#in:1</P>
  </Line>
  <Line>
    <P Name="Name">Measured theta [rad]</P>
    <P Name="ZOrder">11</P>
    <P Name="Labels">[0, 0]</P>
    <P Name="Src">108#out:1</P>
    <P Name="Points">[35, 0]</P>
    <Branch>
      <P Name="ZOrder">106</P>
      <P Name="Labels">[2, 1]</P>
      <P Name="Points">[0, -35]</P>
      <P Name="Dst">121#in:2</P>
    </Branch>
    <Branch>
      <P Name="ZOrder">105</P>
      <P Name="Dst">123#in:1</P>
    </Branch>
  </Line>
  <Line>
    <P Name="Name">Actual theta [rad]</P>
    <P Name="ZOrder">103</P>
    <P Name="Labels">[0, 0]</P>
    <P Name="Src">124#out:1</P>
    <P Name="Points">[36, 0]</P>
    <Branch>
      <P Name="ZOrder">110</P>
      <P Name="Points">[0, -70]</P>
      <P Name="Dst">121#in:1</P>
    </Branch>
    <Branch>
      <P Name="ZOrder">109</P>
      <P Name="Dst">108#in:2</P>
    </Branch>
  </Line>
</System>
